timestamp,temperature,humidity
2026-08-24 15:52:59.266503,28.0,42.0
2026-08-24 15:53:00.284603,28.0,42.0
2026-08-24 15:53:02.309454,28.0,42.0
2026-08-24 15:53:04.334336,28.0,42.0
2026-08-24 15:53:06.359256,28.0,42.0
2026-08-24 15:53:08.384215,28.0,42.0
2026-08-24 15:53:10.409094,28.0,42.0
2026-08-24 15:53:12.433993,28.0,42.0
2026-08-24 15:53:14.458891,28.0,42.0
2026-08-24 15:53:16.483780,28.0,42.0
2026-08-24 15:53:18.508709,28.0,42.0
2026-08-24 15:53:20.533603,28.0,42.0
2026-08-24 15:53:22.558517,28.0,42.0
2026-08-24 15:53:24.583441,28.0,42.0
2026-08-24 15:53:26.608326,28.0,42.0
2026-08-24 15:53:28.633271,28.0,42.0
2026-08-24 15:53:30.658156,28.0,42.0
2026-08-24 15:53:32.683025,28.0,42.0
2026-08-24 15:53:34.707968,28.0,42.0
2026-08-24 15:53:36.732960,28.0,42.0
2026-08-24 15:53:38.757801,28.0,42.0
2026-08-24 15:53:40.782620,28.0,42.0
2026-08-24 15:53:42.807566,28.0,42.0
2026-08-24 15:53:44.832482,28.0,42.0
2026-08-24 15:53:46.857632,28.0,42.0
2026-08-24 15:53:48.882262,28.0,42.0
2026-08-24 15:53:50.907280,28.0,42.0
2026-08-24 15:53:52.932147,28.0,42.0
2026-08-24 15:53:54.957011,28.0,42.0
2026-08-24 15:53:56.981875,28.0,42.0
2026-08-24 15:53:59.006886,28.0,42.0
2026-08-24 15:54:01.031713,28.0,42.0
2026-08-24 15:54:03.056677,28.0,42.0
2026-08-24 15:54:05.081631,28.0,42.0
2026-08-24 15:54:07.106501,28.0,42.0
2026-08-24 15:54:09.131391,28.0,42.0
2026-08-24 15:54:11.156349,28.0,42.0
2026-08-24 15:54:13.181182,28.0,42.0
2026-08-24 15:54:15.206078,28.0,42.0
2026-08-24 15:54:17.231020,28.0,42.0
2026-08-24 15:54:19.255962,28.0,42.0
2026-08-24 15:54:21.280837,28.0,42.0
2026-08-24 15:54:23.305749,28.0,42.0
2026-08-24 15:54:25.330581,28.0,42.0
2026-08-24 15:54:27.355583,28.0,42.0
2026-08-24 15:54:29.380550,28.0,42.0
2026-08-24 15:54:31.405448,28.0,42.0
2026-08-24 15:54:33.430329,28.0,42.0
2026-08-24 15:54:35.455197,28.0,42.0
2026-08-24 15:54:37.480102,28.0,42.0
2026-08-24 15:54:39.504981,28.0,42.0
2026-08-24 15:54:41.529877,28.0,42.0
2026-08-24 15:54:43.554822,28.0,42.0
2026-08-24 15:54:45.579684,28.0,42.0
2026-08-24 15:54:47.604632,28.0,42.0
2026-08-24 15:54:49.629518,28.0,42.0
2026-08-24 15:54:51.654421,28.0,42.0
2026-08-24 15:54:53.679351,28.0,42.0
2026-08-24 15:54:55.704262,28.0,42.0
2026-08-24 15:54:57.729175,28.0,42.0
2026-08-24 15:54:59.754046,28.0,42.0
2026-08-24 15:55:01.778949,28.0,42.0
2026-08-24 15:55:03.803907,28.0,42.0
2026-08-24 15:55:05.828785,28.0,42.0
2026-08-24 15:55:07.853655,28.0,42.0
2026-08-24 15:55:09.878641,28.0,42.0
2026-08-24 15:55:11.903531,28.0,42.0
2026-08-24 15:55:13.928386,28.0,42.0
2026-08-24 15:55:15.953357,28.0,42.0
2026-08-24 15:55:17.978250,28.0,42.0
2026-08-24 15:55:20.003104,28.0,42.0
2026-08-24 15:55:22.028119,28.0,42.0
2026-08-24 15:55:24.052961,28.0,42.0
2026-08-24 15:55:26.077874,28.0,42.0
2026-08-24 15:55:28.102731,28.0,42.0
2026-08-24 15:55:30.127786,28.0,42.0
2026-08-24 15:55:32.152560,28.0,42.0
2026-08-24 15:55:34.177484,28.0,42.0
2026-08-24 15:55:36.202397,28.0,42.0
2026-08-24 15:55:38.227438,28.0,42.0
2026-08-24 15:55:40.252197,28.0,42.0
2026-08-24 15:55:42.277134,28.0,42.0
2026-08-24 15:55:44.302017,28.0,42.0
2026-08-24 15:55:46.326889,28.0,42.0
2026-08-24 15:55:48.351784,28.0,42.0
2026-08-24 15:55:50.376709,28.0,42.0
2026-08-24 15:55:52.401637,28.0,42.0
2026-08-24 15:55:54.426583,28.0,42.0
2026-08-24 15:55:56.451434,28.0,42.0
2026-08-24 15:55:58.476434,28.0,42.0
2026-08-24 15:56:00.501175,28.0,42.0
2026-08-24 15:56:02.526140,28.0,42.0
2026-08-24 15:56:04.550974,28.0,42.0
2026-08-24 15:56:06.575951,28.0,42.0
2026-08-24 15:56:08.600898,28.0,42.0
2026-08-24 15:56:10.625759,28.0,42.0
2026-08-24 15:56:12.650673,28.0,42.0
2026-08-24 15:56:14.675616,28.0,42.0
2026-08-24 15:56:16.700595,28.0,42.0
2026-08-24 15:56:18.725490,28.0,42.0
2026-08-24 15:56:20.750292,28.0,42.0
2026-08-24 15:56:22.775266,28.0,42.0
2026-08-24 15:56:24.800048,28.0,42.0
2026-08-24 15:56:26.825121,28.0,42.0
2026-08-24 15:56:28.850089,28.0,42.0
2026-08-24 15:56:30.874874,28.0,42.0
2026-08-24 15:56:32.899766,28.0,42.0
2026-08-24 15:56:34.924717,28.0,42.0
2026-08-24 15:56:36.949556,28.0,42.0
2026-08-24 15:56:38.974477,28.0,42.0
2026-08-24 15:56:40.999471,28.1,42.0
2026-08-24 15:56:43.024301,28.0,42.0
2026-08-24 15:56:45.049186,28.0,42.0
2026-08-24 15:56:47.074112,28.0,42.0
2026-08-24 15:56:49.099113,28.1,42.0
2026-08-24 15:56:51.124206,28.1,42.0
2026-08-24 15:56:53.148811,28.0,42.0
2026-08-24 15:56:55.173718,28.0,42.0
2026-08-24 15:56:57.198626,28.0,42.0
2026-08-24 15:56:59.223548,28.0,42.0
2026-08-24 15:57:01.248371,28.0,42.0
2026-08-24 15:57:03.273336,28.0,42.0
2026-08-24 15:57:05.298359,28.1,42.0
2026-08-24 15:57:07.323349,28.0,42.0
2026-08-24 15:57:09.348201,28.1,42.0
2026-08-24 15:57:11.373091,28.1,42.0
2026-08-24 15:57:13.397946,28.0,42.0
2026-08-24 15:57:15.422914,28.1,42.0
2026-08-24 15:57:17.447843,28.1,42.0
2026-08-24 15:57:19.472781,28.1,42.0
2026-08-24 15:57:21.497650,28.1,42.0
2026-08-24 15:57:23.526105,28.1,42.0
2026-08-24 15:57:25.555219,28.1,42.0
2026-08-24 15:57:27.583804,28.1,42.0
2026-08-24 15:57:29.611969,28.1,42.0
2026-08-24 15:57:31.639661,28.1,42.0
2026-08-24 15:57:33.667102,28.1,42.0
2026-08-24 15:57:35.694206,28.1,42.0
2026-08-24 15:57:37.721053,28.1,42.0
2026-08-24 15:57:39.747609,28.1,42.0
2026-08-24 15:57:41.774054,28.1,42.0
2026-08-24 15:57:43.800146,28.2,42.0
2026-08-24 15:57:45.826185,28.2,42.0
2026-08-24 15:57:47.852259,28.3,42.0
2026-08-24 15:57:49.877907,28.4,42.0
2026-08-24 15:57:51.903848,28.5,42.0
2026-08-24 15:57:53.929342,28.5,42.0
2026-08-24 15:57:55.954854,28.5,42.0
2026-08-24 15:57:57.980318,28.5,42.0
2026-08-24 15:58:00.005666,28.5,42.0
2026-08-24 15:58:02.030932,28.5,42.0
2026-08-24 15:58:04.056352,28.5,42.0
2026-08-24 15:58:06.081483,28.5,42.0
2026-08-24 15:58:08.106660,28.5,42.0
2026-08-24 15:58:10.131809,28.5,42.0
2026-08-24 15:58:12.156994,28.5,42.0
2026-08-24 15:58:14.181975,28.5,42.0
2026-08-24 15:58:16.207155,28.5,42.0
2026-08-25 12:56:29.210609,24.5,49.0
2026-08-25 12:56:30.517629,24.5,49.0
2026-08-25 12:56:32.542604,24.5,49.0
2026-08-25 12:56:34.567558,24.5,49.0
2026-08-25 12:56:36.592510,24.5,49.0
2026-08-25 12:56:38.617497,24.5,49.0
2026-08-25 12:56:40.642428,24.5,49.0
2026-08-25 12:56:42.667380,24.5,49.0
2026-08-25 12:56:44.692395,24.5,49.0
2026-08-25 12:56:46.717345,24.5,49.0
2026-08-25 12:56:48.742267,24.5,49.0
2026-08-25 12:56:50.767247,24.5,49.0
2026-08-25 12:56:52.792182,24.5,49.0
2026-08-25 12:56:54.817172,24.5,49.0
2026-08-25 12:56:56.842174,24.5,49.0
2026-08-25 12:56:58.867132,24.5,49.0
2026-08-25 12:57:00.892042,24.5,49.0
2026-08-25 12:57:02.916992,24.5,49.0
2026-08-25 12:57:04.941966,24.5,49.0
2026-08-25 12:57:06.967058,24.5,49.0
2026-08-25 12:57:08.991936,24.5,49.0
2026-08-25 12:57:11.016879,24.5,48.0
2026-08-25 12:57:13.041824,24.5,48.0
2026-08-25 12:57:15.066788,24.5,48.0
2026-08-25 12:57:17.091703,24.5,48.0
2026-08-25 12:57:19.116719,24.5,48.0
2026-08-25 12:57:21.141768,24.5,48.0
2026-08-25 12:57:23.166626,24.5,48.0
2026-08-25 12:57:25.191536,24.5,48.0
2026-08-25 12:57:27.216521,24.5,48.0
2026-08-25 12:57:29.241537,24.5,48.0
2026-08-25 12:57:31.266477,24.5,48.0
2026-08-25 12:57:33.291443,24.5,48.0
2026-08-25 12:57:35.316372,24.5,48.0
2026-08-25 12:57:37.341411,24.5,49.0
2026-08-25 12:57:39.366364,24.5,49.0
2026-08-25 12:57:41.391280,24.5,49.0
2026-08-25 12:57:43.416317,24.5,49.0
2026-08-25 12:57:45.441211,24.5,49.0
2026-08-25 12:57:47.466246,24.5,49.0
2026-08-25 12:57:49.491125,24.5,49.0
2026-08-25 12:57:51.516148,24.5,50.0
2026-08-25 12:57:53.541080,24.5,50.0
2026-08-25 12:57:55.566099,24.5,50.0
2026-08-25 12:57:57.591010,24.5,50.0
2026-08-25 12:57:59.615978,24.5,50.0
2026-08-25 12:58:01.640955,24.5,50.0
2026-08-25 12:58:03.665918,24.5,50.0
2026-08-25 12:58:05.690843,24.5,50.0
2026-08-25 12:58:07.715829,24.5,50.0
2026-08-25 12:58:09.740810,24.5,50.0
2026-08-25 12:58:11.765838,24.5,50.0
2026-08-25 12:58:13.790683,24.5,51.0
2026-08-25 12:58:15.815676,24.5,51.0
2026-08-25 12:58:17.840621,24.8,51.0
2026-08-25 12:58:19.865564,24.8,51.0
2026-08-25 12:58:21.890515,24.8,51.0
2026-08-25 12:58:23.915481,24.8,51.0
2026-08-25 12:58:25.940441,24.8,51.0
2026-08-25 12:58:27.965409,24.8,51.0
2026-08-25 12:58:29.990365,24.8,51.0
2026-08-25 12:58:32.015328,24.8,51.0
2026-08-25 12:58:34.040280,24.8,51.0
2026-08-25 12:58:36.065364,24.8,51.0
2026-08-25 12:58:38.090182,24.8,51.0
2026-08-25 12:58:40.115305,24.8,51.0
2026-08-25 12:58:42.140065,24.8,50.0
2026-08-25 12:58:44.165041,24.8,50.0
2026-08-25 12:58:46.190021,24.8,50.0
2026-08-25 12:58:48.214925,24.8,50.0
2026-08-25 12:58:50.239925,24.8,50.0
2026-08-25 12:58:52.264942,24.8,50.0
2026-08-25 12:58:54.289838,24.8,49.0
2026-08-25 12:58:56.314780,24.8,49.0
2026-08-25 12:58:58.339795,24.8,49.0
2026-08-25 12:59:00.364769,24.8,49.0
2026-08-25 12:59:02.389657,24.8,49.0
2026-08-25 12:59:04.414643,24.8,49.0
2026-08-25 12:59:06.439669,24.8,49.0
2026-08-25 12:59:08.464579,24.8,49.0
2026-08-25 12:59:10.489506,24.8,49.0
2026-08-25 12:59:12.514428,24.8,49.0
2026-08-25 12:59:14.539394,24.8,49.0
2026-08-25 12:59:16.564383,24.8,49.0
2026-08-25 12:59:18.589324,24.8,49.0
2026-08-25 12:59:20.614300,24.8,49.0
2026-08-25 12:59:22.639303,24.8,49.0
2026-08-25 12:59:24.664287,24.8,49.0
2026-08-25 12:59:26.689179,24.8,49.0
2026-08-25 12:59:28.714335,24.5,49.0
2026-08-25 12:59:30.739182,24.5,49.0
2026-08-25 12:59:32.764201,24.5,49.0
2026-08-25 12:59:34.789156,24.5,49.0
2026-08-25 12:59:36.814099,24.5,49.0
2026-08-25 12:59:38.839063,24.5,49.0
2026-08-25 12:59:40.864008,24.5,49.0
2026-08-25 12:59:42.888993,24.5,49.0
2026-08-25 12:59:44.913988,24.5,49.0
2026-08-25 12:59:46.938891,24.5,49.0
2026-08-25 12:59:48.963901,24.5,49.0
2026-08-25 12:59:50.988847,24.5,49.0
2026-08-25 12:59:53.013755,24.5,49.0
2026-08-25 12:59:55.038744,24.5,49.0
2026-08-25 12:59:57.063710,24.5,49.0
2026-08-25 12:59:59.088672,24.5,49.0
2026-08-25 13:00:01.113662,24.6,49.0
2026-08-25 13:00:03.138472,24.8,49.0
2026-08-25 13:00:05.163467,24.8,49.0
2026-08-25 13:00:07.188389,24.8,49.0
2026-08-25 13:00:09.213350,24.8,49.0
2026-08-25 13:00:11.238356,24.8,49.0
2026-08-25 13:00:13.263318,24.8,49.0
2026-08-25 13:00:15.288248,24.8,49.0
2026-08-25 13:00:17.313196,24.8,49.0
2026-08-25 13:00:19.338201,24.8,49.0
2026-08-25 13:00:21.363136,24.8,49.0
2026-08-25 13:00:23.388121,24.8,49.0
2026-08-25 13:00:25.413113,24.8,49.0
2026-08-25 13:00:27.438043,24.8,49.0
2026-08-25 13:00:29.463039,24.8,49.0
2026-08-25 13:00:31.487925,24.8,49.0
2026-08-25 13:00:33.512907,24.8,49.0
2026-08-25 13:00:35.537869,24.8,49.0
2026-08-25 13:00:37.562886,24.8,49.0
2026-08-25 13:00:39.587820,24.8,49.0
2026-08-25 13:00:41.612730,24.8,49.0
2026-08-25 13:00:43.637702,24.8,49.0
2026-08-25 13:00:45.662660,24.8,49.0
2026-08-25 13:00:47.687669,24.8,49.0
2026-08-25 13:00:49.712623,24.8,49.0
2026-08-25 13:00:51.737635,24.5,49.0
2026-08-25 13:00:53.762642,24.5,49.0
2026-08-25 13:00:55.787596,24.5,49.0
2026-08-25 13:00:57.812516,24.5,49.0
2026-08-25 13:00:59.837492,24.5,49.0
2026-08-25 13:01:01.862505,24.5,49.0
2026-08-25 13:01:03.887432,24.5,49.0
2026-08-25 13:01:05.912414,24.5,49.0
2026-08-25 13:01:07.937389,24.5,49.0
2026-08-25 13:01:09.962329,24.5,49.0
2026-08-25 13:01:11.987254,24.5,49.0
2026-08-25 13:01:14.012215,24.5,49.0
2026-08-25 13:01:16.037204,24.5,49.0
2026-08-25 13:01:18.061936,24.5,49.0
2026-08-25 13:01:20.086484,24.5,49.0
2026-08-25 13:01:22.111100,24.5,49.0
2026-08-25 13:02:28.934690,24.5,49.0
2026-08-25 13:02:30.959298,24.5,49.0
2026-08-25 13:02:32.984065,24.5,49.0
2026-08-25 13:02:35.008806,24.5,49.0
2026-08-25 13:02:37.033531,24.5,49.0
2026-08-25 13:02:39.058338,24.5,49.0
2026-08-25 13:02:41.083174,24.5,49.0
2026-08-25 13:02:43.108028,24.5,49.0
2026-08-25 13:02:45.132828,24.5,49.0
2026-08-25 13:02:47.157738,24.6,49.0
2026-08-25 13:02:49.182526,24.8,49.0
2026-08-25 13:02:51.207390,24.8,49.0
2026-08-25 13:02:53.232278,24.8,49.0
2026-08-25 13:02:55.257169,24.8,49.0
2026-08-25 13:02:57.282064,24.8,49.0
2026-08-25 13:02:59.307003,24.8,49.0
2026-08-25 13:03:01.331932,24.8,49.0
2026-08-25 13:03:03.356855,24.8,49.0
2026-08-25 13:03:05.381793,24.8,49.0
2026-08-25 13:03:07.406732,24.8,49.0
2026-08-25 13:03:09.431620,24.8,49.0
2026-08-25 13:03:11.456556,24.8,49.0
2026-08-25 13:03:13.481552,24.8,49.0
2026-08-25 13:03:15.506480,24.8,49.0
2026-08-25 13:03:17.531395,24.8,49.0
2026-08-25 13:03:19.556348,24.8,49.0
2026-08-25 13:03:21.581330,24.8,49.0
2026-08-25 13:03:23.606284,24.8,49.0
2026-08-25 13:03:25.631330,24.5,49.0
2026-08-25 13:03:27.656236,24.5,48.0
2026-08-25 13:03:29.681149,24.5,48.0
2026-08-25 13:03:31.706138,24.5,48.0
2026-08-25 13:03:33.731130,24.5,49.0
2026-08-25 13:03:35.756086,24.5,49.0
2026-08-25 13:03:37.781017,24.5,49.0
2026-08-25 13:03:39.806009,24.5,49.0
2026-08-25 13:03:41.830959,24.5,49.0
2026-08-25 13:03:43.855885,24.5,49.0
2026-08-25 13:03:45.880895,24.5,49.0
2026-08-25 13:03:47.905899,24.5,49.0
2026-08-25 13:03:49.930764,24.5,49.0
2026-08-25 13:03:51.955721,24.5,49.0
2026-08-25 13:03:53.980674,24.5,49.0
2026-08-25 13:03:56.005688,24.5,49.0
2026-08-25 13:03:58.030694,24.5,49.0
2026-08-25 13:04:00.055568,24.5,49.0
2026-08-25 13:04:02.080514,24.5,49.0
2026-08-25 13:04:04.105505,24.5,49.0
2026-08-25 13:04:06.130390,24.5,49.0
2026-08-25 13:04:08.155409,24.5,49.0
2026-08-25 13:04:10.180394,24.5,49.0
2026-08-25 13:04:12.205288,24.5,49.0
2026-08-25 13:04:14.230311,24.5,49.0
2026-08-25 13:04:16.255261,24.5,49.0
2026-08-25 13:04:18.280224,24.5,49.0
2026-08-25 13:04:20.305184,24.5,49.0
2026-08-25 13:04:22.330106,24.5,49.0
2026-08-25 13:04:24.355102,24.5,49.0
2026-08-25 13:04:26.380032,24.5,49.0
2026-08-25 13:04:28.405023,24.5,49.0
2026-08-25 13:04:30.429950,24.5,49.0
2026-08-25 13:04:32.454922,24.5,49.0
2026-08-25 13:04:34.479856,24.5,48.0
2026-08-25 13:04:36.504805,24.5,48.0
2026-08-25 13:04:38.529825,24.5,48.0
2026-08-25 13:04:40.554757,24.5,48.0
2026-08-25 13:04:42.579761,24.5,49.0
2026-08-25 13:41:50.379813,24.8,46.0
2026-08-25 13:41:52.071084,24.8,46.0
2026-08-25 13:41:54.096188,24.8,46.0
2026-08-25 13:41:56.121119,24.8,46.0
2026-08-25 13:41:58.146080,24.8,46.0
2026-08-25 13:42:00.171011,24.8,46.0
2026-08-25 13:42:02.195983,24.8,46.0
2026-08-25 13:42:04.220912,24.8,46.0
2026-08-25 13:42:06.245879,24.8,46.0
2026-08-25 13:42:08.270855,24.8,46.0
2026-08-25 13:42:10.295843,24.8,46.0
2026-08-25 13:42:12.320905,24.8,46.0
2026-08-25 13:42:14.345780,24.8,46.0
2026-08-25 13:42:16.370676,24.8,46.0
2026-08-25 13:42:18.395678,24.8,46.0
2026-08-25 13:42:20.420612,24.8,46.0
2026-08-25 13:42:22.445567,24.8,46.0
2026-08-25 13:42:24.470533,24.8,46.0
2026-08-25 13:42:26.495487,24.8,46.0
2026-08-25 13:42:28.520500,24.8,46.0
2026-08-25 13:42:30.545472,24.8,46.0
2026-08-25 13:42:32.570415,24.8,46.0
2026-08-25 13:42:34.595404,24.8,46.0
2026-08-25 13:42:36.620310,24.8,46.0
2026-08-25 13:42:38.645279,24.8,46.0
2026-08-25 13:42:40.670238,24.8,46.0
2026-08-25 13:42:42.695263,24.8,46.0
2026-08-25 13:42:44.720148,24.8,46.0
2026-08-25 13:42:46.745192,24.8,46.0
2026-08-25 13:42:48.770095,24.8,46.0
2026-08-25 13:42:50.795053,24.8,46.0
2026-08-25 13:42:52.820110,24.8,46.0
2026-08-25 13:42:54.844984,24.8,46.0
2026-08-25 13:42:56.870012,24.8,46.0
2026-08-25 13:42:58.894932,24.8,46.0
2026-08-25 13:43:00.919852,24.8,46.0
2026-08-25 13:43:02.944856,24.8,46.0
2026-08-25 13:43:04.969790,24.8,46.0
2026-08-25 13:43:06.994866,24.8,47.0
2026-08-25 13:43:09.019836,24.8,47.0
2026-08-25 13:43:11.044755,24.8,47.0
2026-08-25 13:43:13.069708,24.8,47.0
2026-08-25 13:43:15.094714,24.8,47.0
2026-08-25 13:43:17.119686,24.8,47.0
2026-08-25 13:43:19.144632,24.8,47.0
2026-08-25 13:43:21.169607,24.8,47.0
2026-08-25 13:43:23.194569,24.8,47.0
2026-08-25 13:43:25.219488,24.8,47.0
2026-08-25 13:43:27.244492,24.8,47.0
2026-08-25 13:43:29.269542,24.8,47.0
2026-08-25 13:43:31.294436,24.8,47.0
2026-08-25 13:43:33.319425,24.8,47.0
2026-08-25 13:43:35.344361,24.8,47.0
2026-08-25 13:43:37.369300,24.8,47.0
2026-08-25 13:43:39.394276,24.8,47.0
2026-08-25 13:43:41.419329,24.8,47.0
2026-08-25 13:43:43.444187,24.8,47.0
2026-08-25 13:43:45.469190,24.8,47.0
2026-08-25 13:43:47.494124,24.8,47.0
2026-08-25 13:43:49.519173,24.8,47.0
2026-08-25 13:43:51.544074,24.8,47.0
2026-08-25 13:43:53.568994,24.8,47.0
2026-08-25 13:43:55.593959,24.8,47.0
2026-08-25 13:43:57.618914,24.8,47.0
2026-08-25 13:43:59.643859,24.8,47.0
2026-08-25 13:44:01.668813,24.8,47.0
2026-08-25 13:44:03.693839,24.8,47.0
2026-08-25 13:44:05.718733,24.8,47.0
2026-08-25 13:44:07.743712,24.8,47.0
2026-08-25 13:44:09.768660,24.8,47.0
2026-08-25 13:44:11.793878,24.8,47.0
2026-08-25 13:44:13.818653,24.8,47.0
2026-08-25 13:44:15.843575,24.8,47.0
2026-08-25 13:44:17.868554,24.8,47.0
2026-08-25 13:44:19.893572,24.8,47.0
2026-08-25 13:44:21.918509,24.8,47.0
2026-08-25 13:44:23.943506,24.8,47.0
2026-08-25 13:44:25.968453,24.8,47.0
2026-08-25 13:44:27.993445,24.8,47.0
2026-08-25 13:44:30.018308,24.8,47.0
2026-08-25 13:44:32.043355,24.8,47.0
2026-08-25 13:44:34.068283,24.8,47.0
2026-08-25 13:44:36.093284,24.8,47.0
2026-08-25 13:44:38.118199,24.8,47.0
2026-08-25 13:44:40.143272,24.8,47.0
2026-08-25 13:44:42.168185,24.8,47.0
2026-08-25 13:44:44.193072,24.8,47.0
2026-08-25 13:44:46.217994,24.8,47.0
2026-08-25 13:44:48.243047,24.8,47.0
2026-08-25 13:44:50.268020,24.8,47.0
2026-08-25 13:44:52.292998,24.8,47.0
2026-08-25 13:44:54.317932,24.8,47.0
2026-08-25 13:44:56.342837,24.8,47.0
2026-08-25 13:44:58.367825,24.8,47.0
2026-08-25 13:45:00.392766,24.8,47.0
2026-08-25 13:45:02.417706,24.8,47.0
2026-08-25 13:45:04.442708,24.8,47.0
2026-08-25 13:45:06.467679,24.8,47.0
2026-08-25 13:45:08.492640,24.8,47.0
2026-08-25 13:45:10.517539,24.8,47.0
2026-08-25 13:45:12.542500,24.8,47.0
2026-08-25 13:45:14.567466,24.8,47.0
2026-08-25 13:45:16.592468,24.8,47.0
2026-08-25 13:45:18.617390,24.8,47.0
2026-08-25 13:45:20.642387,24.8,47.0
2026-08-25 13:45:22.667349,24.8,47.0
2026-08-25 13:45:24.692306,24.8,47.0
2026-08-25 13:45:26.717294,24.8,47.0
2026-08-25 13:45:28.742217,24.8,47.0
2026-08-25 13:45:30.767250,24.8,47.0
2026-08-25 13:45:32.792173,24.8,47.0
2026-08-25 13:45:34.817174,24.8,47.0
2026-08-25 13:45:36.842062,24.8,47.0
2026-08-25 13:45:38.867092,24.8,47.0
2026-08-25 13:45:40.891999,24.8,47.0
2026-08-25 13:45:42.917079,24.8,47.0
2026-08-25 13:45:44.941938,24.8,47.0
2026-08-25 13:45:46.966871,24.8,47.0
2026-08-25 13:45:48.991876,24.8,47.0
2026-08-25 13:45:51.016848,24.7,47.0
2026-08-25 13:45:53.041789,24.6,47.0
2026-08-25 13:45:55.066767,24.6,47.0
2026-08-25 13:45:57.091680,24.5,47.0
2026-08-25 13:45:59.116614,24.5,47.0
2026-08-25 13:46:01.141626,24.5,47.0
2026-08-25 13:46:03.166542,24.5,47.0
2026-08-25 13:46:05.191591,24.5,47.0
2026-08-25 13:46:07.216417,24.5,47.0
2026-08-25 13:46:09.241413,24.5,47.0
2026-08-25 13:46:11.266505,24.5,47.0
2026-08-25 13:46:13.291473,24.5,47.0
2026-08-25 13:46:15.316346,24.5,47.0
2026-08-25 13:46:17.341538,24.5,47.0
2026-08-25 13:46:19.366309,24.5,47.0
2026-08-25 13:46:21.391349,24.5,47.0
2026-08-25 13:46:23.416303,24.5,47.0
2026-08-25 13:46:25.441165,24.5,47.0
2026-08-25 13:46:27.466200,24.5,47.0
2026-08-25 13:46:29.491172,24.5,47.0
2026-08-25 13:46:31.515998,24.5,47.0
2026-08-25 13:46:33.541080,24.5,47.0
2026-08-25 13:46:35.566027,24.5,47.0
2026-08-25 13:46:37.591107,24.5,47.0
2026-08-25 13:46:39.615970,24.5,47.0
2026-08-25 13:46:41.640928,24.5,47.0
2026-08-25 13:46:43.665912,24.5,47.0
2026-08-25 13:46:45.690827,24.5,47.0
2026-08-25 13:46:47.715829,24.5,47.0
2026-08-25 13:46:49.740718,24.5,47.0
2026-08-25 13:46:51.765747,24.5,47.0
2026-08-25 13:46:53.790802,24.5,47.0
2026-08-25 13:46:55.815653,24.5,47.0
2026-08-25 13:46:57.840623,24.5,47.0
2026-08-25 13:46:59.865554,24.5,47.0
2026-08-25 13:47:01.890636,24.5,47.0
2026-08-25 13:47:03.915407,24.5,47.0
2026-08-25 13:47:05.940405,24.5,47.0
2026-08-25 13:47:07.965436,24.5,47.0
2026-08-25 13:47:09.990517,24.5,47.0
2026-08-25 13:47:12.015284,24.5,47.0
2026-08-25 13:47:14.040300,24.5,47.0
2026-08-25 13:47:16.065316,24.5,47.0
2026-08-25 13:47:18.090433,24.5,47.0
2026-08-25 13:47:20.115251,24.5,47.0
2026-08-25 13:47:22.140201,24.5,47.0
2026-08-25 13:47:24.165136,24.5,47.0
2026-08-25 13:47:26.189986,24.5,48.0
2026-08-25 13:47:28.214877,24.5,48.0
2026-08-25 13:47:30.239895,24.5,48.0
2026-08-25 13:47:32.264908,24.5,48.0
2026-08-25 13:47:34.289816,24.5,48.0
2026-08-25 13:47:36.314763,24.5,48.0
2026-08-25 13:47:38.339761,24.5,48.0
2026-08-25 13:47:40.364760,24.5,48.0
2026-08-25 13:47:42.389720,24.5,48.0
2026-08-25 13:47:44.414664,24.5,48.0
2026-08-25 13:47:46.439626,24.5,48.0
2026-08-25 13:47:48.464619,24.5,48.0
2026-08-25 13:47:50.489604,24.5,48.0
2026-08-25 13:47:52.514500,24.5,48.0
2026-08-25 13:47:54.539456,24.5,48.0
2026-08-25 13:47:56.564396,24.5,48.0
2026-08-25 13:47:58.589482,24.5,48.0
2026-08-25 13:48:00.614355,24.5,48.0
2026-08-25 13:48:02.639375,24.5,48.0
2026-08-25 13:48:04.664235,24.5,48.0
2026-08-25 13:48:06.689272,24.5,48.0
2026-08-25 13:48:08.714217,24.5,48.0
2026-08-25 13:48:10.739131,24.5,48.0
2026-08-25 13:48:12.764110,24.5,48.0
2026-08-25 13:48:14.789048,24.5,48.0
2026-08-25 13:48:16.814069,24.5,48.0
2026-08-25 13:48:18.839039,24.5,48.0
2026-08-25 13:48:20.863972,24.5,48.0
2026-08-25 13:48:22.888967,24.5,48.0
2026-08-25 13:48:24.913856,24.5,48.0
2026-08-25 13:48:26.938816,24.5,48.0
2026-08-25 13:48:28.963807,24.5,48.0
2026-08-25 13:48:30.988795,24.5,48.0
2026-08-25 13:48:33.013722,24.5,48.0
2026-08-25 13:48:35.038672,24.5,48.0
2026-08-25 13:48:37.063837,24.5,48.0
2026-08-25 13:48:39.088598,24.5,48.0
2026-08-25 13:48:41.113624,24.5,48.0
2026-08-25 13:48:43.138516,24.5,48.0
2026-08-25 13:48:45.163505,24.5,48.0
2026-08-25 13:48:47.188471,24.5,48.0
2026-08-25 13:48:49.213423,24.5,48.0
2026-08-25 13:48:51.238364,24.5,48.0
2026-08-25 13:48:53.263338,24.5,48.0
2026-08-25 13:48:55.288345,24.5,48.0
2026-08-25 13:48:57.313273,24.5,48.0
2026-08-25 13:48:59.338263,24.5,48.0
2026-08-25 13:49:01.363229,24.5,48.0
2026-08-25 13:49:03.388247,24.5,48.0
2026-08-25 13:49:05.413202,24.5,48.0
2026-08-25 13:49:07.438089,24.5,48.0
2026-08-25 13:49:09.463131,24.5,48.0
2026-08-25 13:49:11.488021,24.5,48.0
2026-08-25 13:49:13.513057,24.5,48.0
2026-08-25 13:49:15.537968,24.5,48.0
2026-08-25 13:49:17.562929,24.6,48.0
2026-08-25 13:49:19.588014,24.7,48.0
2026-08-25 13:49:21.612631,24.8,48.0
2026-08-25 13:49:23.637701,24.8,48.0
2026-08-25 13:49:25.662651,24.8,48.0
2026-08-25 13:49:27.687577,24.8,48.0
2026-08-25 13:49:29.712571,24.8,48.0
2026-08-25 13:49:31.737503,24.8,48.0
2026-08-25 13:49:33.762473,24.8,48.0
2026-08-25 13:49:35.787446,24.8,48.0
2026-08-25 13:49:37.812418,24.8,48.0
2026-08-25 13:49:39.837355,24.8,48.0
2026-08-25 13:49:41.862366,24.8,48.0
2026-08-25 13:49:43.887317,24.8,48.0
2026-08-25 13:49:45.912297,24.8,48.0
2026-08-25 13:49:47.937208,24.8,48.0
2026-08-25 13:49:49.962218,24.8,48.0
2026-08-25 13:49:51.987295,24.8,48.0
2026-08-25 13:49:54.012136,24.8,48.0
2026-08-25 13:49:56.037071,24.8,48.0
2026-08-25 13:49:58.062076,24.8,48.0
2026-08-25 13:50:00.087029,24.8,48.0
2026-08-25 13:50:02.111992,24.8,48.0
2026-08-25 13:50:04.136937,24.8,48.0
2026-08-25 13:50:06.161892,24.8,48.0
2026-08-25 13:50:08.186903,24.8,48.0
2026-08-25 13:50:10.211852,24.8,48.0
2026-08-25 13:50:12.236774,24.8,48.0
2026-08-25 13:50:14.261737,24.8,48.0
2026-08-25 13:50:16.286764,24.8,48.0
2026-08-25 13:50:18.311662,24.8,48.0
2026-08-25 13:50:20.336663,24.8,48.0
2026-08-25 13:50:22.361624,24.8,48.0
2026-08-25 13:50:24.386597,24.8,48.0
2026-08-25 13:50:26.411573,24.8,48.0
2026-08-25 13:50:28.436487,24.8,48.0
2026-08-25 13:50:30.461470,24.8,48.0
2026-08-25 13:50:32.486558,24.8,48.0
2026-08-25 13:50:34.511364,24.8,48.0
2026-08-25 13:50:36.536409,24.8,48.0
2026-08-25 13:50:38.561298,24.8,48.0
2026-08-25 13:50:40.586324,24.8,48.0
2026-08-25 13:50:42.611259,24.8,48.0
2026-08-25 13:50:44.636188,24.8,48.0
2026-08-25 13:50:46.661191,24.8,48.0
2026-08-25 13:50:48.686131,24.8,48.0
2026-08-25 13:50:50.711123,24.8,48.0
2026-08-25 13:50:52.735111,24.8,48.0
2026-08-25 13:50:54.755585,24.8,48.0
2026-08-25 13:50:56.776626,24.8,48.0
2026-08-25 13:50:58.798113,24.8,48.0
2026-08-25 13:51:00.820055,24.8,48.0
2026-08-25 13:51:02.842380,24.8,48.0
2026-08-25 13:51:04.864963,24.8,48.0
2026-08-25 13:51:06.887885,24.8,48.0
2026-08-25 13:51:08.911030,24.8,48.0
2026-08-25 13:51:10.934398,24.8,48.0
2026-08-25 13:51:12.958065,24.8,48.0
2026-08-25 13:51:14.981721,24.8,48.0
2026-08-25 13:51:17.005623,24.8,48.0
2026-08-25 13:51:19.029625,24.8,48.0
2026-08-25 13:51:21.053770,24.8,48.0
2026-08-25 13:51:23.077994,24.8,48.0
2026-08-25 13:51:25.102294,24.8,48.0
2026-08-25 13:51:27.126672,24.8,48.0
2026-08-25 13:51:29.151143,24.8,48.0
2026-08-25 13:51:31.175705,24.8,48.0
2026-08-25 13:51:33.200234,24.8,48.0
2026-08-25 13:51:35.224853,24.8,48.0
2026-08-25 13:51:37.249563,24.8,48.0
2026-08-25 13:51:39.274254,24.8,48.0
2026-08-25 13:51:41.298990,24.8,48.0
2026-08-25 13:51:43.323773,24.8,48.0
2026-08-25 13:51:45.348477,24.8,48.0
2026-08-25 13:51:47.373282,24.8,48.0
2026-08-25 13:51:49.398145,24.8,48.0
2026-08-25 13:51:51.422946,24.8,48.0
2026-08-25 13:51:53.447952,24.8,48.0
2026-08-25 13:51:55.472642,24.8,48.0
2026-08-25 13:51:57.497524,24.8,48.0
2026-08-25 13:51:59.522374,24.8,48.0
2026-08-25 13:52:01.547359,24.8,48.0
2026-08-25 13:52:03.572250,24.8,48.0
2026-08-25 13:52:05.597031,24.8,48.0
2026-08-25 13:52:07.622124,24.8,48.0
2026-08-25 13:52:09.646950,24.8,48.0
2026-08-25 13:52:11.671791,24.8,48.0
2026-08-25 13:52:13.696876,24.8,48.0
2026-08-25 13:52:15.721709,24.8,48.0
2026-08-25 13:52:17.746564,24.8,48.0
2026-08-25 13:52:19.771567,24.8,48.0
2026-08-25 13:52:21.796519,24.8,48.0
2026-08-25 13:52:23.821406,24.8,48.0
2026-08-25 13:52:25.846342,24.8,48.0
2026-08-25 13:52:27.871359,24.8,48.0
2026-08-25 13:52:29.896136,24.8,48.0
2026-08-25 13:52:31.921335,24.8,48.0
2026-08-25 13:52:33.946076,24.8,48.0
2026-08-25 13:52:35.971099,24.8,48.0
2026-08-25 13:52:37.996034,24.8,48.0
2026-08-25 13:52:40.020985,24.8,48.0
2026-08-25 13:52:42.045812,24.8,48.0
2026-08-25 13:52:44.070765,24.8,48.0
2026-08-25 13:52:46.095715,24.8,48.0
2026-08-25 13:52:48.120654,24.8,48.0
2026-08-25 13:52:50.145562,24.8,48.0
2026-08-25 13:52:52.170674,24.8,48.0
2026-08-25 13:52:54.195599,24.8,48.0
2026-08-25 13:52:56.220593,24.8,48.0
2026-08-25 13:52:58.245418,24.8,48.0
2026-08-25 13:53:00.270378,24.8,48.0
2026-08-25 13:53:02.295343,24.8,49.0
2026-08-25 13:53:04.320432,24.8,49.0
2026-08-25 13:53:06.345243,24.8,49.0
2026-08-25 13:53:08.370295,24.8,49.0
2026-08-25 13:53:10.395226,24.8,49.0
2026-08-25 13:53:12.420099,24.8,48.0
2026-08-25 13:53:14.445067,24.8,48.0
2026-08-25 13:53:16.469891,24.8,48.0
2026-08-25 13:53:18.494837,24.8,48.0
2026-08-25 13:53:20.519793,24.8,48.0
2026-08-25 13:53:22.544731,24.8,48.0
2026-08-25 13:53:24.569686,24.8,48.0
2026-08-25 13:53:26.594645,24.8,48.0
2026-08-25 13:53:28.619576,24.8,48.0
2026-08-25 13:53:30.644484,24.8,48.0
2026-08-25 13:53:32.669600,24.8,48.0
2026-08-25 13:53:34.694476,24.8,48.0
2026-08-25 13:53:36.719363,24.8,48.0
2026-08-25 13:53:38.744304,24.8,48.0
2026-08-25 13:53:40.769367,24.8,48.0
2026-08-25 13:53:42.794283,24.8,48.0
2026-08-25 13:53:44.819153,24.8,48.0
2026-08-25 13:53:46.844138,24.8,48.0
2026-08-25 13:53:48.869144,24.8,48.0
2026-08-25 13:53:50.894130,24.8,49.0
2026-08-25 13:53:52.919118,24.8,49.0
2026-08-25 13:53:54.944154,24.8,49.0
2026-08-25 13:53:56.968983,24.8,49.0
2026-08-25 13:53:58.993952,24.8,49.0
2026-08-25 13:54:01.018902,24.8,49.0
2026-08-25 13:54:03.043811,24.8,49.0
2026-08-25 13:54:05.068795,24.8,49.0
2026-08-25 13:54:07.093683,24.8,49.0
2026-08-25 13:54:09.118617,24.8,49.0
2026-08-25 13:54:11.143636,24.8,49.0
2026-08-25 13:54:13.168518,24.8,49.0
2026-08-25 13:54:15.193398,24.8,48.0
2026-08-25 13:54:17.218359,24.8,48.0
2026-08-25 13:54:19.243306,24.8,48.0
2026-08-25 13:54:21.268205,24.8,48.0
2026-08-25 13:54:23.293149,24.8,48.0
2026-08-25 13:54:25.318258,24.8,48.0
2026-08-25 13:54:27.343148,24.8,48.0
2026-08-25 13:54:29.367992,24.8,48.0
2026-08-25 13:54:31.392985,24.8,48.0
2026-08-25 13:54:33.417968,24.8,48.0
2026-08-25 13:54:35.442906,24.8,48.0
2026-08-25 13:54:37.467786,24.8,48.0
2026-08-25 13:54:39.492816,24.8,48.0
2026-08-25 13:54:41.517687,24.8,48.0
2026-08-25 13:54:43.542670,24.8,48.0
2026-08-25 13:54:45.567617,24.8,48.0
2026-08-25 13:54:47.592591,24.8,48.0
2026-08-25 13:54:49.617493,24.8,48.0
2026-08-25 13:54:51.642469,24.8,48.0
2026-08-25 13:54:53.667481,24.9,48.0
2026-08-25 13:54:55.692402,24.9,48.0
2026-08-25 13:54:57.717430,24.9,48.0
2026-08-25 13:54:59.742340,24.9,48.0
2026-08-25 13:55:01.767241,24.9,48.0
2026-08-25 13:55:03.792192,25.0,48.0
2026-08-25 13:55:05.817125,25.0,48.0
2026-08-25 13:55:07.842174,25.2,48.0
2026-08-25 13:55:09.867082,25.2,48.0
2026-08-25 13:55:11.892062,25.3,48.0
2026-08-25 13:55:13.917025,25.3,48.0
2026-08-25 13:55:15.941957,25.3,48.0
2026-08-25 13:55:17.966947,25.3,48.0
2026-08-25 13:55:19.991949,25.3,48.0
2026-08-25 13:55:22.016807,25.3,48.0
2026-08-25 13:55:24.041758,25.3,48.0
2026-08-25 13:55:26.066696,25.3,48.0
2026-08-25 13:55:28.091647,25.3,48.0
2026-08-25 13:55:30.116599,25.3,48.0
2026-08-25 13:55:32.141519,25.3,48.0
2026-08-25 13:55:34.166544,25.3,48.0
2026-08-25 13:55:36.191354,25.3,48.0
2026-08-25 13:55:38.216366,25.3,48.0
2026-08-25 13:55:40.241348,25.3,48.0
2026-08-25 13:55:42.266274,25.3,48.0
2026-08-25 13:55:44.291220,25.3,48.0
2026-08-25 13:55:46.316172,25.3,48.0
2026-08-25 13:55:48.341133,25.3,48.0
2026-08-25 13:55:50.366057,25.3,48.0
2026-08-25 13:55:52.391054,25.3,48.0
2026-08-25 13:55:54.415911,25.3,48.0
2026-08-25 13:55:56.440950,25.3,48.0
2026-08-25 13:55:58.465773,25.3,48.0
2026-08-25 13:56:00.490941,25.3,48.0
2026-08-25 13:56:02.515738,25.3,48.0
2026-08-25 13:56:04.540709,25.3,48.0
2026-08-25 13:56:06.565616,25.3,48.0
2026-08-25 13:56:08.590619,25.3,48.0
2026-08-25 13:56:10.615509,25.3,48.0
2026-08-25 13:56:12.640431,25.3,48.0
2026-08-25 13:56:14.665437,25.3,48.0
2026-08-25 13:56:16.690416,25.3,48.0
2026-08-25 13:56:18.715289,25.3,48.0
2026-08-25 13:56:20.740296,25.3,48.0
2026-08-25 13:56:22.765252,25.3,48.0
2026-08-25 13:56:24.790166,25.3,48.0
2026-08-25 13:56:26.815191,25.3,49.0
2026-08-25 13:56:28.840213,25.3,49.0
2026-08-25 13:56:30.865082,25.3,49.0
2026-08-25 13:56:32.890060,25.3,49.0
2026-08-25 13:56:34.914986,25.3,49.0
2026-08-25 13:56:36.940022,25.3,49.0
2026-08-25 13:56:38.964877,25.3,49.0
2026-08-25 13:56:40.989922,25.3,49.0
2026-08-25 13:56:43.014776,25.3,49.0
2026-08-25 13:56:45.039671,25.3,48.0
2026-08-25 13:56:47.064613,25.3,48.0
2026-08-25 13:56:49.089571,25.3,48.0
2026-08-25 13:56:51.114536,25.3,48.0
2026-08-25 13:56:53.139468,25.3,48.0
2026-08-25 13:56:55.164362,25.3,48.0
2026-08-25 13:56:57.189364,25.3,48.0
2026-08-25 13:56:59.214358,25.3,49.0
2026-08-25 13:57:01.239259,25.3,48.0
2026-08-25 13:57:03.264130,25.3,48.0
2026-08-25 13:57:05.289145,25.3,48.0
2026-08-25 13:57:07.314089,25.3,48.0
2026-08-25 13:57:09.339051,25.3,48.0
2026-08-25 13:57:11.363884,25.3,48.0
2026-08-25 13:57:13.388978,25.3,48.0
2026-08-25 13:57:15.413883,25.3,48.0
2026-08-25 13:57:17.438863,25.3,48.0
2026-08-25 13:57:19.463793,25.3,48.0
2026-08-25 13:57:21.488773,25.3,48.0
2026-08-25 13:57:23.513674,25.3,48.0
2026-08-25 13:57:25.538739,25.3,48.0
2026-08-25 13:57:27.563720,25.3,48.0
2026-08-25 13:57:29.588533,25.3,48.0
2026-08-25 13:57:31.613447,25.3,48.0
2026-08-25 13:57:33.638449,25.3,48.0
2026-08-25 13:57:35.663457,25.3,48.0
2026-08-25 13:57:37.688428,25.3,48.0
2026-08-25 13:57:39.713190,25.3,48.0
2026-08-25 13:57:41.738223,25.3,48.0
2026-08-25 13:57:43.763243,25.3,48.0
2026-08-25 13:57:45.788240,25.3,48.0
2026-08-25 13:57:47.813071,25.3,48.0
2026-08-25 13:57:49.838021,25.3,48.0
2026-08-25 13:57:51.862941,25.3,48.0
2026-08-25 13:57:53.887818,25.3,48.0
2026-08-25 13:57:55.912846,25.3,48.0
2026-08-25 13:57:57.937788,25.3,48.0
2026-08-25 13:57:59.962714,25.3,48.0
2026-08-25 13:58:01.987692,25.3,48.0
2026-08-25 13:58:04.012591,25.3,48.0
2026-08-25 13:58:06.037591,25.3,48.0
2026-08-25 13:58:08.062504,25.3,48.0
2026-08-25 13:58:10.087458,25.3,48.0
2026-08-25 13:58:12.112403,25.3,48.0
2026-08-25 13:58:14.137342,25.3,48.0
2026-08-25 13:58:16.162276,25.3,48.0
2026-08-25 13:58:18.187232,25.3,48.0
2026-08-25 13:58:20.212200,25.3,48.0
2026-08-25 13:58:22.237157,25.3,48.0
2026-08-25 13:58:24.262110,25.3,48.0
2026-08-25 13:58:26.287035,25.3,48.0
2026-08-25 13:58:28.312009,25.3,48.0
2026-08-25 13:58:30.336962,25.3,48.0
2026-08-25 13:58:32.361871,25.3,48.0
2026-08-25 13:58:34.386883,25.3,48.0
2026-08-25 13:58:36.411817,25.3,48.0
2026-08-25 13:58:38.436707,25.3,48.0
2026-08-25 13:58:40.461651,25.3,48.0
2026-08-25 13:58:42.486634,25.3,48.0
2026-08-25 13:58:44.511554,25.3,48.0
2026-08-25 13:58:46.536630,25.3,49.0
2026-08-25 13:58:48.561569,25.3,49.0
2026-08-25 13:58:50.586567,25.3,49.0
2026-08-25 13:58:52.611457,25.3,49.0
2026-08-25 13:58:54.636434,25.3,49.0
2026-08-25 13:58:56.661367,25.3,49.0
2026-08-25 13:58:58.686334,25.3,49.0
2026-08-25 13:59:00.711234,25.3,49.0
2026-08-25 13:59:02.736217,25.3,49.0
2026-08-25 13:59:04.761201,25.3,49.0
2026-08-25 13:59:06.786092,25.3,49.0
2026-08-25 13:59:08.811020,25.3,49.0
2026-08-25 13:59:10.836015,25.3,49.0
2026-08-25 13:59:12.860923,25.3,49.0
2026-08-25 13:59:14.885901,25.3,49.0
2026-08-25 13:59:16.910816,25.3,49.0
2026-08-25 13:59:18.935800,25.3,49.0
2026-08-25 13:59:20.960699,25.3,49.0
2026-08-25 13:59:22.985661,25.3,49.0
2026-08-25 13:59:25.010610,25.3,49.0
2026-08-25 13:59:27.035632,25.5,49.0
2026-08-25 13:59:29.060524,25.8,49.0
2026-08-25 13:59:31.085355,25.8,49.0
2026-08-25 13:59:33.110441,25.8,49.0
2026-08-25 13:59:35.135297,25.8,49.0
2026-08-25 13:59:37.160222,25.8,49.0
2026-08-25 13:59:39.185141,25.8,49.0
2026-08-25 13:59:41.210097,25.8,49.0
2026-08-25 13:59:43.235077,25.8,49.0
2026-08-25 13:59:45.259988,25.8,49.0
2026-08-25 13:59:47.284956,25.8,49.0
2026-08-25 13:59:49.309879,25.8,49.0
2026-08-25 13:59:51.334846,25.8,49.0
2026-08-25 13:59:53.359789,25.8,49.0
2026-08-25 13:59:55.384794,25.8,49.0
2026-08-25 13:59:57.409673,25.8,49.0
2026-08-25 13:59:59.434640,25.8,49.0
2026-08-25 14:00:01.459526,25.8,49.0
2026-08-25 14:00:03.484523,25.8,49.0
2026-08-25 14:00:05.509467,25.8,48.0
2026-08-25 14:00:07.534408,25.8,48.0
2026-08-25 14:00:09.559321,25.8,48.0
2026-08-25 14:00:11.584315,25.8,48.0
2026-08-25 14:00:13.609212,25.8,48.0
2026-08-25 14:00:15.634183,25.8,48.0
2026-08-25 14:00:17.659193,25.8,48.0
2026-08-25 14:00:19.684062,25.8,48.0
2026-08-25 14:00:21.709021,25.8,48.0
2026-08-25 14:00:23.733992,25.8,48.0
2026-08-25 14:00:25.759018,25.8,48.0
2026-08-25 14:00:27.783845,25.8,48.0
2026-08-25 14:00:29.808830,25.8,48.0
2026-08-25 14:00:31.833781,25.8,48.0
2026-08-25 14:00:33.858639,25.8,48.0
2026-08-25 14:00:35.883671,25.8,48.0
2026-08-25 14:00:37.908636,25.8,48.0
2026-08-25 14:00:39.933589,25.8,48.0
2026-08-25 14:00:41.958516,25.8,48.0
2026-08-25 14:00:43.983488,25.8,48.0
2026-08-25 14:00:46.008427,25.8,48.0
2026-08-25 14:00:48.033383,25.8,48.0
2026-08-25 14:00:50.058269,25.8,48.0
2026-08-25 14:00:52.083199,25.8,48.0
2026-08-25 14:00:54.108316,25.8,48.0
2026-08-25 14:00:56.133134,25.8,48.0
2026-08-25 14:00:58.158083,25.8,48.0
2026-08-25 14:01:00.183051,25.8,48.0
2026-08-25 14:01:02.207985,25.8,48.0
2026-08-25 14:01:04.233041,25.8,48.0
2026-08-25 14:01:06.257881,25.8,48.0
2026-08-25 14:01:08.282843,25.8,48.0
2026-08-25 14:01:10.307785,25.8,48.0
2026-08-25 14:01:12.332784,25.8,48.0
2026-08-25 14:01:14.357686,25.8,48.0
2026-08-25 14:01:16.382684,25.8,48.0
2026-08-25 14:01:18.407629,25.8,48.0
2026-08-25 14:01:20.432589,25.8,48.0
2026-08-25 14:01:22.457480,25.8,48.0
2026-08-25 14:01:24.482378,25.8,48.0
2026-08-25 14:01:26.507381,25.8,48.0
2026-08-25 14:01:28.532322,25.8,48.0
2026-08-25 14:01:30.557258,25.8,48.0
2026-08-25 14:01:32.582162,25.8,48.0
2026-08-25 14:01:34.607143,25.8,48.0
2026-08-25 14:01:36.632098,25.8,48.0
2026-08-25 14:01:38.657015,25.8,48.0
2026-08-25 14:01:40.681989,25.8,48.0
2026-08-25 14:01:42.707074,25.8,48.0
2026-08-25 14:01:44.731907,25.8,48.0
2026-08-25 14:01:46.756834,25.8,48.0
2026-08-25 14:01:48.781782,25.8,48.0
2026-08-25 14:01:50.806744,25.8,48.0
2026-08-25 14:01:52.831748,25.8,48.0
2026-08-25 14:01:54.856609,25.8,48.0
2026-08-25 14:01:56.881556,25.8,48.0
2026-08-25 14:01:58.906504,25.8,48.0
2026-08-25 14:02:00.931431,25.8,48.0
2026-08-25 14:02:02.956406,25.8,48.0
2026-08-25 14:02:04.981328,25.8,48.0
2026-08-25 14:02:07.006371,25.8,48.0
2026-08-25 14:02:09.031324,25.8,48.0
2026-08-25 14:02:11.056166,25.8,48.0
2026-08-25 14:02:13.081154,25.8,48.0
2026-08-25 14:02:15.106099,25.8,48.0
2026-08-25 14:02:17.131057,25.8,48.0
2026-08-25 14:02:19.155987,25.8,48.0
2026-08-25 14:02:21.180932,25.8,48.0
2026-08-25 14:02:23.205903,25.8,48.0
2026-08-25 14:02:25.230869,25.8,48.0
2026-08-25 14:02:27.255745,25.8,48.0
2026-08-25 14:02:29.280702,25.8,48.0
2026-08-25 14:02:31.305648,25.8,48.0
2026-08-25 14:02:33.330631,25.8,48.0
2026-08-25 14:02:35.355676,25.8,48.0
2026-08-25 14:02:37.380528,25.8,48.0
2026-08-25 14:02:39.405432,25.8,48.0
2026-08-25 14:02:41.430393,25.8,48.0
2026-08-25 14:02:43.455423,25.8,47.0
2026-08-25 14:02:45.480410,25.8,47.0
2026-08-25 14:02:47.505359,25.8,47.0
2026-08-25 14:02:49.530325,25.8,47.0
2026-08-25 14:02:51.555198,25.8,47.0
2026-08-25 14:02:53.580156,25.8,47.0
2026-08-25 14:02:55.605095,25.8,47.0
2026-08-25 14:02:57.630090,25.8,47.0
2026-08-25 14:02:59.654925,25.8,48.0
2026-08-25 14:03:01.679891,25.8,48.0
2026-08-25 14:03:03.704882,25.8,48.0
2026-08-25 14:03:05.729763,25.8,48.0
2026-08-25 14:03:07.754705,25.8,48.0
2026-08-25 14:03:09.779779,25.8,47.0
2026-08-25 14:03:11.804644,25.8,48.0
2026-08-25 14:03:13.829588,25.8,48.0
2026-08-25 14:03:15.854481,25.8,48.0
2026-08-25 14:03:17.879428,25.8,48.0
2026-08-25 14:03:19.904370,25.8,48.0
2026-08-25 14:03:21.929254,25.8,48.0
2026-08-25 14:03:23.954280,25.8,48.0
2026-08-25 14:03:25.979248,25.8,48.0
2026-08-25 14:03:28.004219,25.8,48.0
2026-08-25 14:03:30.029156,25.8,48.0
2026-08-25 14:03:32.054083,25.8,48.0
2026-08-25 14:03:34.079016,25.8,48.0
2026-08-25 14:03:36.103950,25.8,48.0
2026-08-25 14:03:38.128924,25.8,48.0
2026-08-25 14:03:40.153847,25.8,48.0
2026-08-25 14:03:42.178791,25.8,48.0
2026-08-25 14:03:44.203802,25.8,48.0
2026-08-25 14:03:46.228731,25.8,48.0
2026-08-25 14:03:48.253643,25.8,48.0
2026-08-25 14:03:50.278598,25.8,48.0
2026-08-25 14:03:52.303593,25.8,48.0
2026-08-25 14:03:54.328514,25.8,48.0
2026-08-25 14:03:56.353420,25.8,48.0
2026-08-25 14:03:58.378393,25.8,48.0
2026-08-25 14:04:00.403423,25.8,48.0
2026-08-25 14:04:02.428332,25.8,48.0
2026-08-25 14:04:04.453231,25.8,48.0
2026-08-25 14:04:06.478186,25.8,48.0
2026-08-25 14:04:08.503208,25.8,48.0
2026-08-25 14:04:10.528095,25.8,48.0
2026-08-25 14:04:12.553002,25.8,48.0
2026-08-25 14:04:14.578012,25.8,48.0
2026-08-25 14:04:16.602922,25.8,48.0
2026-08-25 14:04:18.627893,25.8,48.0
2026-08-25 14:04:20.652847,25.8,48.0
2026-08-25 14:04:22.677780,25.8,48.0
2026-08-25 14:04:24.702691,25.8,48.0
2026-08-25 14:04:26.727629,25.8,48.0
2026-08-25 14:04:28.752630,25.8,48.0
2026-08-25 14:04:30.777532,25.8,48.0
2026-08-25 14:04:32.802530,25.8,48.0
2026-08-25 14:04:34.827468,25.8,48.0
2026-08-25 14:04:36.852474,25.7,48.0
2026-08-25 14:04:38.877363,25.7,48.0
2026-08-25 14:04:40.902446,25.6,48.0
2026-08-25 14:04:42.927352,25.5,48.0
2026-08-25 14:04:44.952259,25.5,48.0
2026-08-25 14:04:46.977185,25.3,48.0
2026-08-25 14:04:49.002158,25.3,48.0
2026-08-25 14:04:51.027065,25.3,48.0
2026-08-25 14:04:53.053065,25.3,48.0
2026-08-25 14:04:55.079258,25.3,48.0
2026-08-25 14:05:01.155500,25.3,48.0
2026-08-25 14:05:03.181359,25.3,48.0
2026-08-25 14:05:05.207069,25.3,48.0
2026-08-25 14:05:07.232791,25.3,48.0
2026-08-25 14:05:09.258266,25.3,48.0
2026-08-25 14:05:11.283772,25.3,48.0
2026-08-25 14:05:13.309184,25.3,48.0
2026-08-25 14:05:15.334530,25.3,48.0
2026-08-25 14:05:17.359842,25.3,48.0
2026-08-25 14:05:19.385104,25.3,48.0
2026-08-25 14:05:21.410288,25.3,48.0
2026-08-25 14:05:23.435550,25.3,48.0
2026-08-25 14:05:25.460677,25.3,48.0
2026-08-25 14:05:27.485792,25.3,48.0
2026-08-25 14:05:29.510893,25.3,48.0
2026-08-25 14:05:31.536043,25.3,48.0
2026-08-25 14:05:33.561192,25.3,48.0
2026-08-25 14:05:35.586151,25.4,48.0
2026-08-25 14:05:37.611428,25.6,48.0
2026-08-25 14:05:39.636283,25.7,48.0
2026-08-25 14:05:41.661311,25.8,48.0
2026-08-25 14:05:43.686243,25.8,48.0
2026-08-25 14:05:45.711320,25.8,48.0
2026-08-25 14:05:47.736332,25.8,48.0
2026-08-25 14:05:49.761232,25.8,48.0
2026-08-25 14:05:51.786341,25.8,49.0
2026-08-25 14:05:53.811369,25.8,49.0
2026-08-25 14:05:55.836365,25.8,49.0
2026-08-25 14:05:57.861305,25.8,49.0
2026-08-25 14:05:59.886188,25.8,49.0
2026-08-25 14:06:01.911176,25.8,48.0
2026-08-25 14:06:03.936085,25.8,48.0
2026-08-25 14:06:05.961040,25.8,48.0
2026-08-25 14:06:07.986081,25.8,48.0
2026-08-25 14:06:10.011014,25.8,48.0
2026-08-25 14:06:12.035904,25.8,48.0
2026-08-25 14:06:14.060917,25.8,48.0
2026-08-25 14:06:16.085865,25.8,48.0
2026-08-25 14:06:18.110819,25.8,48.0
2026-08-25 14:06:20.135816,25.8,48.0
2026-08-25 14:06:22.160775,25.8,48.0
2026-08-25 14:06:24.185745,25.8,48.0
2026-08-25 14:06:26.210650,25.8,48.0
2026-08-25 14:06:28.235656,25.8,48.0
2026-08-25 14:06:30.260571,25.8,48.0
2026-08-25 14:06:32.285570,25.8,48.0
2026-08-25 14:06:34.310490,25.8,48.0
2026-08-25 14:06:36.335496,25.8,48.0
2026-08-25 14:06:38.360453,25.8,48.0
2026-08-25 14:06:40.385375,25.8,48.0
2026-08-25 14:06:42.410406,25.8,48.0
2026-08-25 14:06:44.435284,25.8,48.0
2026-08-25 14:06:46.460161,25.8,48.0
2026-08-25 14:06:48.485172,25.8,48.0
2026-08-25 14:06:50.510109,25.8,48.0
2026-08-25 14:06:52.535106,25.8,48.0
2026-08-25 14:06:54.560010,25.8,48.0
2026-08-25 14:06:56.584926,25.8,48.0
2026-08-25 14:06:58.609913,25.8,48.0
2026-08-25 14:07:00.634925,25.8,48.0
2026-08-25 14:07:02.659853,25.8,48.0
2026-08-25 14:07:04.684810,25.8,48.0
2026-08-25 14:07:06.709713,25.8,48.0
2026-08-25 14:07:08.734750,25.8,48.0
2026-08-25 14:07:10.759641,25.8,48.0
2026-08-25 14:07:12.784597,25.8,48.0
2026-08-25 14:07:14.809514,25.8,48.0
2026-08-25 14:07:16.834544,25.8,48.0
2026-08-25 14:07:18.859503,25.8,48.0
2026-08-25 14:07:20.884418,25.8,48.0
2026-08-25 14:07:22.909433,25.8,48.0
2026-08-25 14:07:24.934344,25.8,48.0
2026-08-25 14:07:26.959260,25.8,48.0
2026-08-25 14:07:28.984259,25.8,48.0
2026-08-25 14:07:31.009190,25.8,48.0
2026-08-25 14:07:33.034218,25.8,48.0
2026-08-25 14:07:35.059073,25.8,48.0
2026-08-25 14:07:37.084014,25.8,48.0
2026-08-25 14:07:39.109009,25.8,48.0
2026-08-25 14:07:41.133956,25.8,48.0
2026-08-25 14:07:43.158880,25.8,48.0
2026-08-25 14:07:45.183882,25.8,48.0
2026-08-25 14:07:47.208826,25.8,48.0
2026-08-25 14:07:49.233793,25.8,48.0
2026-08-25 14:07:51.258732,25.8,48.0
2026-08-25 14:07:53.283734,25.8,48.0
2026-08-25 14:07:55.308602,25.8,48.0
2026-08-25 14:07:57.333595,25.8,48.0
2026-08-25 14:07:59.358533,25.8,48.0
